{
    "a_point": [
        -254.91,
        1060.15,
        205.32
    ],
    "o_point": [
        -244.55,
        1051.92,
        182.26
    ],
    "e_point": [
        -519.71,
        687.42,
        247.33
    ],
    "b_point_in_base": [
        -243.44,
        1079.62,
        203.48
    ],
    "calculated_b_points": [
        [
            [
                -15.070510045323303,
                -24.696062670831026,
                28.35043320062327
            ],
            [
                -243.44485877929407,
                1079.6204935790952,
                203.4791330266248,
                0.0,
                0.0,
                0.0
            ],
            3.9483966577700493,
            1
        ]
    ],
    "stored_a_points_in_base": [
        [
            -254.91272544638156,
            1060.147333130425,
            205.32370257117174
        ],
        [
            -235.0684847760669,
            1044.8066047057919,
            206.19674852331832
        ]
    ],
    "index_a": 0,
    "index_b": 0,
    "tcp_e_in_ultrasound_zero_deg": [
        -519.7,
        687.431,
        247.35,
        111.994,
        67.874,
        163.459
    ],
    "tcp_e_in_puncture_position": [
        -519.704,
        687.429,
        247.354,
        -137.363,
        78.945,
        -83.877
    ],
    "volume_in_base": [
        -249.75920617560996,
        1044.9420719578222,
        183.52170488704047,
        -98.1131595804231,
        -1.8252929580288932,
        -36.79467974030223
    ],
    "b_point_in_tcp_p": [
        -1.0087863524563403,
        483.9463262862439,
        28.87274430291393
    ],
    "a_point_in_tcp_p": [
        0.009220989769730181,
        461.3971543174325,
        26.394824959703158
    ],
    "a_point_in_volume": null
}