{
    "a_point": [
        -133.45,
        1018.01,
        422.48
    ],
    "o_point": [
        -119.49,
        1014.45,
        377.67
    ],
    "e_point": [
        -357.55,
        650.7,
        482.6
    ],
    "b_point_in_tcp_u": [
        -11.24,
        -41.72,
        41.91
    ],
    "calculated_b_points": [
        [
            [
                -11.24,
                -41.72,
                41.91,
                0.0,
                0.0,
                0.0
            ],
            [
                -108.02884387901753,
                1071.0759336586777,
                400.43460987926346,
                -94.68615550894872,
                -19.498216345849475,
                -34.8813072684173
            ],
            15.187017815733928,
            1
        ]
    ]
}