{
    "a_point": [
        158.12,
        1080.38,
        242.53
    ],
    "o_point": [
        164.79,
        1065.72,
        211.59
    ],
    "e_point": [
        -223.79,
        828.1,
        261.38
    ],
    "b_point_in_base": [
        180.4,
        1092.01,
        240.85
    ],
    "calculated_b_points": [
        [
            [
                -15.988876844634191,
                -31.217681251860462,
                29.377544563009238
            ],
            [
                180.4034150672785,
                1092.0107787835898,
                240.85361443062007,
                0.0,
                0.0,
                0.0
            ],
            -4.552470262986192,
            2
        ]
    ],
    "stored_a_points_in_base": [
        [
            158.11645937972833,
            1080.3776832984333,
            242.52910018630726
        ],
        [
            168.34348187631275,
            1056.7743687902416,
            244.20076398851728
        ]
    ],
    "index_a": 0,
    "index_b": 0,
    "tcp_e_in_ultrasound_zero_deg": [
        -223.784,
        828.103,
        261.381,
        104.211,
        63.725,
        134.239
    ],
    "tcp_e_in_puncture_position": [
        -223.781,
        828.1,
        261.375,
        -142.56,
        82.135,
        -110.852
    ],
    "volume_in_base": [
        159.9746245244741,
        1062.767317322729,
        212.2055358075673,
        -96.2478681992826,
        3.05662798115356,
        -58.88913526003794
    ],
    "b_point_in_tcp_p": [
        0.3747994157998846,
        484.9466992290228,
        35.0807371184255
    ],
    "a_point_in_tcp_p": [
        0.04832771502731248,
        459.7438784583094,
        34.88569768964132
    ],
    "a_point_in_volume": [
        -17.631884035947934,
        -30.068951974987357,
        4.265459441132421
    ]
}