{
    "a_point": [
        -186.66,
        1001.83,
        396.22
    ],
    "o_point": [
        -174.59,
        993.6,
        373.65
    ],
    "e_point": [
        -377.94,
        693.14,
        379.27
    ],
    "calculated_b_points": [
        [
            [
                -15.070510045323303,
                -24.696062670831026,
                28.35043320062327,
                0.0,
                0.0,
                0.0
            ],
            [
                -122.05012207251724,
                1097.3540126702799,
                396.8109256528281,
                -90.8914314112826,
                1.0029427046776835,
                -34.10418662646012
            ],
            -0.637342443426072,
            1
        ],
        [
            [
                -15.988876844634191,
                -31.217681251860462,
                29.377544563009238,
                0.0,
                0.0,
                0.0
            ],
            [
                -122.08343256158496,
                1098.7393983456682,
                403.3308536575682,
                -90.8914314112826,
                1.0029427046776835,
                -34.10418662646012
            ],
            -2.046678232201253,
            2
        ],
        [
            [
                -15.957243341891054,
                -42.326570782075756,
                31.143958564354413,
                0.0,
                0.0,
                0.0
            ],
            [
                -120.80944194994002,
                1100.218474904139,
                414.40866599362056,
                -90.8914314112826,
                1.0029427046776835,
                -34.10418662646012
            ],
            -5.018082437452318,
            3
        ],
        [
            [
                -5.233999627998798,
                -20.128616893031136,
                27.7280839304614,
                0.0,
                0.0,
                0.0
            ],
            [
                -114.36135009438118,
                1091.3101638245266,
                392.08223732145524,
                -90.8914314112826,
                1.0029427046776835,
                -34.10418662646012
            ],
            -3.4442554710508824,
            4
        ],
        [
            [
                -6.772638201501699,
                -30.40130191861418,
                29.34499203037756,
                0.0,
                0.0,
                0.0
            ],
            [
                -114.49057243980103,
                1093.5431883357037,
                402.3538857391246,
                -90.8914314112826,
                1.0029427046776835,
                -34.10418662646012
            ],
            -5.574686323111669,
            5
        ],
        [
            [
                -7.734395732461163,
                -45.15039150769692,
                31.679640798139808,
                0.0,
                0.0,
                0.0
            ],
            [
                -113.63605354310309,
                1096.060884352372,
                417.07944889802616,
                -90.8914314112826,
                1.0029427046776835,
                -34.10418662646012
            ],
            -8.986351669336901,
            6
        ]
    ],
    "tcp_e_in_ultrasound_zero_deg": [
        -377.937,
        693.135,
        379.291,
        92.234,
        66.481,
        147.96
    ],
    "tool_pose_in_puncture_position": [
        -377.945,
        693.14,
        379.27,
        -94.959,
        79.546,
        -38.963
    ],
    "tcp_u_volume": [
        -126.0344344498358,
        1065.353292488198,
        372.29884679690815,
        -90.8914314112826,
        1.0029427046776835,
        -34.10418662646012
    ]
}