{
    "a_point": [
        -235.61,
        1048.44,
        200.64
    ],
    "o_point": [
        -224.6,
        1038.41,
        172.78
    ],
    "e_point": [
        -486.88,
        674.76,
        172.05
    ],
    "b_point_in_base": [
        -216.4,
        1072.5,
        198.51
    ],
    "calculated_b_points": [
        [
            [
                -15.070510045323303,
                -24.696062670831026,
                28.35043320062327
            ],
            [
                -216.4032338213,
                1072.4976114982148,
                198.51320195184823,
                0.0,
                0.0,
                0.0
            ],
            -0.5698279426472999,
            1
        ],
        [
            [
                -15.988876844634191,
                -31.217681251860462,
                29.377544563009238
            ],
            [
                -216.18536898336097,
                1073.5937252288195,
                205.0844220704576,
                0.0,
                0.0,
                0.0
            ],
            -5.395045138403461,
            2
        ],
        [
            [
                -15.957243341891054,
                -42.326570782075756,
                31.143958564354413
            ],
            [
                -214.51303739717477,
                1074.5432166588039,
                216.16731062838335,
                0.0,
                0.0,
                0.0
            ],
            -15.161901847813722,
            3
        ],
        [
            [
                -5.233999627998798,
                -20.128616893031136,
                27.7280839304614
            ],
            [
                -209.06035908379187,
                1066.4441402737489,
                193.27454816855854,
                0.0,
                0.0,
                0.0
            ],
            -11.475784235051128,
            4
        ],
        [
            [
                -6.772638201501699,
                -30.40130191861418,
                29.34499203037756
            ],
            [
                -208.7922345165012,
                1068.22363596327,
                203.6317370924739,
                0.0,
                0.0,
                0.0
            ],
            -18.050347841066394,
            5
        ],
        [
            [
                -7.734395732461163,
                -45.15039150769692,
                31.679640798139808
            ],
            [
                -207.39028532024264,
                1070.0613808754506,
                218.41579736740596,
                0.0,
                0.0,
                0.0
            ],
            -27.439621612715403,
            6
        ],
        [
            [
                -16.82792055319852,
                -36.99910594942399,
                43.54763343153332
            ],
            [
                -208.2553861109882,
                1085.3337672520897,
                210.9331030633032,
                0.0,
                0.0,
                0.0
            ],
            -6.691947021426542,
            13
        ],
        [
            [
                -12.332752195791475,
                -37.042817307223,
                43.60200826911204
            ],
            [
                -204.58392949763203,
                1082.7530294430735,
                210.66551277096738,
                0.0,
                0.0,
                0.0
            ],
            -11.368472789518671,
            14
        ],
        [
            [
                -17.649769351008587,
                -41.254559802248366,
                44.215490469358734
            ],
            [
                -208.29471570884954,
                1086.17698455552,
                215.23633367818786,
                0.0,
                0.0,
                0.0
            ],
            -8.536687537511488,
            15
        ],
        [
            [
                -13.852162300634497,
                -41.90776727221357,
                44.35940287161881
            ],
            [
                -205.10165277526755,
                1084.0504094632345,
                215.6252264223336,
                0.0,
                0.0,
                0.0
            ],
            -12.780952699581185,
            16
        ]
    ],
    "stored_a_points_in_base": [
        [
            -235.6127104644205,
            1048.4350966455493,
            200.64230944945288
        ],
        [
            -218.79821238683292,
            1035.9054188657135,
            199.80255359920852
        ]
    ],
    "index_a": 0,
    "index_b": 0,
    "tcp_e_in_ultrasound_zero_deg": [
        -486.876,
        674.756,
        172.051,
        89.791,
        63.529,
        144.009
    ],
    "tcp_e_in_puncture_position": [
        -486.879,
        674.758,
        172.052,
        -89.019,
        84.519,
        -34.826
    ],
    "volume_in_base": [
        -222.1579484028573,
        1041.7438224646364,
        172.78674538873454,
        -89.90661532703724,
        3.9708426434095623,
        -35.79744459333698
    ],
    "b_point_in_tcp_p": null,
    "a_point_in_tcp_p": null,
    "a_point_in_volume": [
        -16.720771550462274,
        -26.763536369571085,
        -2.393574304085405
    ]
}